"jobtitle","totalpay"
"Chief Investment Officer",436224
"Chief of Police",411732
"Chief, Fire Department",408865
"GENERAL MANAGER-METROPOLITAN TRANSIT AUTHORITY",399211
"Gen Mgr, Public Trnsp Dept",380696
"Dep Dir for Investments, Ret",355732
"Mayor",354213
"Adm, SFGH Medical Center",347080
"Controller",343061
"Asst Chf of Dept (Fire Dept)",342598
"Dept Head V",340644
"Administrator, DPH",331564
"Dep Chf of Dept (Fire Dept)",326752
"Deputy Chief 3",324671
"Port Director",322142
"Assistant Deputy Chief 2",317776
"Manager, Dept Public Health",314139
"Emergency Medical Svcs Chief",313423
"Executive Contract Employee",309777
"District Attorney",309676
"DEPUTY DIRECTOR OF INVESTMENTS",307899
"Battalion Chief, Fire Suppress",306955
"CHIEF OF DEPARTMENT, (FIRE DEPARTMENT)",302378
"City Attorney",295917
"Public Defender",287051
"Sheriff (SFERS)",285239
"Asst Med Examiner",284933
"Commander 3",284246
"Cfdntal Chf Atty 2,(Cvl&Crmnl)",280049
"Forensic Toxicologist",279470
"DEPUTY CHIEF OF DEPARTMENT,(FIRE DEPARTMENT)",279359
"EXECUTIVE CONTRACT EMPLOYEE",277439
"Nursing Supervisor Psychiatric",276646
"Chief Forensic Toxicologist",276092
"Dept Head IV",275342
"Human Resources Director",275103
"Court Executive Officer",269050
"Chief Adult Probation Officer",268749
"Battlion Chief, Fire Suppressi",268663
"CHIEF OF POLICE",267993
"Dir Emp Relations Div",267004
"Captain 3",263117
"ADMINISTRATOR, SFGH MEDICAL CENTER",257124
"Capt,Fire Prev or Fire Invsgtn",255689
"Chief Atty1 (Civil & Criminal)",255271
"Assistant Chief Attorney 2",255151
"Special Assistant 21",253015
"Captain, Fire Suppression",250041
"DEPUTY CHIEF III (POLICE DEPARTMENT)",250027
"Dep Dir V",248209
"Manager VIII",244889
"Supervising Physician Spec",244459
"Wire Rope Cable Maint Sprv",242118
"Captain, Emergency Med Svcs",241701
"Chf Prob Ofc, Juv Court",241062
"Dept Head III",240901
"Lieut,Fire Prev",240456
"Head Atty, Civil & Criminal",236073
"Project Manager 4",235894
"DEPARTMENT HEAD V",233834
"PORT DIRECTOR",233357
"Assistant Chief Attorney 1",233247
"Deputy Dir I, MTA",232866
"Board Scty, MTA",231868
"Asst Chf Prob Ofc, Juv Prob",231538
"Director, Info Tech Group",231379
"Treasurer",231371
"Assessor",229819
"ASSISTANT DEPUTY CHIEF II",228725
"Assistant Inspector",227504
"Managing Attorney",225738
"Lieutenant, Fire Suppression",224969
"Deputy Dir II, MTA",224782
"Lieutenant 2",224509
"Dept Head II",224067
"Incident Support Specialist",221381
"Lieutenant 3",220994
"Mayoral Staff XVII",219083
"Dep Dir IV",218887
"Manager VII",218824
"Chief Deputy Sheriff",218114
"Law Librarian",217761
"BATTALION CHIEF, (FIRE DEPARTMENT)",216656
"NURSING SUPERVISOR PSYCHIATRIC",216599
"Nurse Manager",216554
"FORENSIC TOXICOLOGIST",215318
"CONFIDENTIAL CHIEF ATTORNEY II (CIVIL & CRIMINAL)",214989
"Trnst Power Line Wrk Sprv 2",214776
"Manager VII, MTA",212970
"Sheriff's Captain",212955
"ASSISTANT MEDICAL EXAMINER",212793
"CAPTAIN III (POLICE DEPARTMENT)",211784
"Dep Dir III",209348
"Assistant Inspector 3",208546
"Attorney, Tax Collector",208386
"CITY ATTORNEY",208243
"Insp, Fire Dept",206935
"Manager VIII, MTA",206753
"CAPTAIN, BUREAU OF FIRE PREVENTION AND PUBLIC SAFE",206705
"DEPARTMENT HEAD IV",206610
"COMMANDER III, (POLICE DEPARTMENT)",205137
"Fire Safety Inspector 2",205127
"Clinical Nurse Specialist",203646
"ASSISTANT CHIEF OF DEPARTMENT, (FIRE DEPARTMENT)",203428
"Sergeant 3",203184
"Manager VI",202950
"Marine Engineer of Fire Boats",202836
"Sergeant 2",202752
"Court Computer Sys Manager",202725
"Assistant Inspector 2",201185
"DEPUTY DIRECTOR II - MUNICIPAL TRANSPORTATION AG",200922
"Supervising Pharmacist",200822
"Chief Dep Adlt Prob Of (SFERS)",200617
"Transmission Line Supervisor 1",200390
"WIRE ROPE CABLE MAINTENANCE SUPERVISOR",199629
"Anesthetist",199458
"PUBLIC DEFENDER",198027
"Asst Chf, Bur Clm Invest&Admin",197833
"Engineer/Architect Principal",197290
"SHERIFF",197234
"Electrical Transit Shop Sprv 1",197119
"Airport Mechanical Maint Sprv",196814
"Dept Head I",196776
"Water Const&Main Supt",196484
"HUMAN RESOURCES DIRECTOR",196378
"Sr Light Rail Veh Equip Eng",196223
"Sr Court Staff Attorney",194003
"Director, Fiscal Services",193936
"Inspector 3",193135
"Project Manager 3",192986
"Asst Dir Clinical Svcs 2",192948
"Asst.Dep.Dir., Port",191966
"Heating/Ventilating Inspector",191836
"LIEUTENANT, BUREAU OF FIRE PREVENTION AND PUBLIC S",191816
"Assistant Sheriff",191795
"Manager,Employee Relations Div",191629
"Disability Access Coordinator",191322
"CHIEF PROBATION OFFICER, JUVENILE COURT",191319
"IS Manager",190886
"Sergeant, (Police Department)",190082
"Telecommunications Tech Supv",189745
"ASSISTANT INSPECTOR (POLICE DEPARTMENT)",188999
"Sheriff's Lieutenant",188027
"Court Reporter Coordinator",187947
"Mech Shop & Equip Supt",187774
"Utility Plumber Supervisor 2",187379
"ASSISTANT CHIEF ATTORNEY II",187065
"Lieutenant (Police Department)",186914
"Operating Room Nurse",186789
"Special Assistant 22",186612
"DIRECTOR, EMPLOYEE RELATIONS DIVISION",186342
"DEPUTY DIRECTOR V",186217
"Radiologic Tech Sprv",186074
"Eng/Arch/Landscape Arch Sr",185907
"Electrical Trnst Mech Sprv 1",184378
"Firefighter",183117
"Auto Body & Fender Wrk Sprv 1",183030
"Structural Engineer",182878
"Principal Real Property Ofc",182644
"Communication Line Sprv1",181607
"Chief Plumbing Inspector",180973
"INCIDENT SUPPORT SPECIALIST",180945
"Sr Power Generation Tech",180669
"DEPARTMENT HEAD III",180253
"Civil Case Settlmnt Specialist",180234
"Transit Power Line Sprv1",179993
"Chief Water Service Inspector",179808
"CAPTAIN, FIRE SUPPRESSION",179759
"Attorney (Civil/Criminal)",179575
"Invstgtor,Fire Dept",178358
"Traf Signal Electrician Sup II",177192
"Automotive Trnst Shop Sprv 1",176699
"Manager V",176639
"Lab Svcs Mgr",176092
"COURT EXECUTIVE OFFICER",176028
"Chief Electrical Inspector",175840
"Undersheriff (SFERS)",175627
"INVESTIGATOR, BUREAU OF FIRE INVESTIGATION",175513
"Chief Building Inspector",175432
"Landscape Architect",175419
"Ex Asst to Ex Dir, Retirement",175226
"Director, Human Resources",174494
"ASSISTANT CHIEF ATTORNEY I",174308
"CAPTAIN, EMERGENCYCY MEDICAL SERVICES",174011
"Traf Signal Electrician Sup I",173585
"Inspector, (Police Department)",173036
"Senior Physician Specialist",172839
"Med Examiner's InvestigatorIII",172806
"IS Engineer-Principal",172449
"Sprv Electronic Main Tech",172242
"Fire Protection Engineer",172183
"Manager IV",172041
"Communications Director",171749
"Institutional Police Sergeant",171723
"Police Officer 2",171410
"DEPUTY DIRECTOR I - MUNICIPAL TRANSPORTATION AGE",171208
"Manager VI, MTA",170968
"ATTORNEY FOR THE PUBLIC ADMINISTRATOR",170845
"Manager V, MTA",170073
"Director, Probation Services",170071
"HEAD ATTORNEY, CIVIL AND CRIMINAL",169673
"IS Project Director",169576
"Sheriff's Sergeant",169556
"Court Manager",169409
"Mayoral Staff XVI",169358
"Electrical Trnst Shop Sprv 1",169183
"MANAGER VII",169076
"Crime Lab Mgr",168756
"Track Maint Wrk Sprv 1",168449
"Sewer Repair Supervisor",168403
"Electr Maint Tech Asst Sprv",168238
"Senior Electrical Inpsector",168196
"CHIEF DEPUTY SHERIFF",167958
"EMT/Paramedic/Firefighter",167899
"Public Relations Mgr",167842
"Diagnostic Imaging Tech III",167767
"Police Officer 3",167737
"Utility Plumber Supervisor 1",167612
"Inspector 2",167579
"Plumber Supervisor 2",167545
"Transit Operations Specialist",167332
"LIEUTENANT III (POLICE DEPARTMENT)",166980
"MANAGER VIII",166873
"Senior Plumbing Inspector",166847
"ASST. CHIEF PROBATION OFFICER-JUVENILE PROBATION",166821
"Engineer",166758
"Undersheriff",166721
"DIRECTOR, INFORMATION TECHNOLOGY GROUP",166226
"Clinical Pharmacist",166124
"Manager IV, MTA",166093
"Chf District Atty Investigator",165655
"Bldgs & Grounds Maint Supt",165479
"NURSE MANAGER",165336
"Landscape Architect Assoc 2",164942
"ASSESSOR",164425
"Div Director, Adult Probation",164358
"Chf Statnry Eng,WtrTreat Plnt",164252
"LIEUTENANT, FIRE DEPARTMENT",164151
"SUPERVISING PHYSICIAN SPECIALIST",163998
"Light Rail Vehicle Equip Eng",163972
"Ct Comp App Programmer",163186
"Manager III, MTA",163117
"Administrative Engineer",162656
"Manager III",162472
"Power Generation Supervisor",162433
"DEPARTMENT HEAD II",162253
"Automotive Mechanic Sprv 1",162191
"Line Inspector",161934
"Asst Dir of Clinical Svcs 1",161869
"DEPUTY DIRECTOR IV",161842
"Director, Juvenile Hall",161836
"Senior Deputy Sheriff",161483
"Electrician Supervisor 2",161389
"Power Generation Technician 2",161277
"CHIEF ATTORNEY I (CIVIL & CRIMINAL)",161271
"Criminalist III",161087
"INSPECTOR, BUREAU OF FIRE PREVENTION AND PUBLIC SA",161041
"Court Administrator",161036
"Train Controller",160913
"Senior Comm Systems Technican",160780
"Steamfitter Supervisor I",160599
"TREASURER",160257
"Supervising Mediator, UFCS",160021
"PROJECT MANAGER IV",159967
"MARINE ENGINEER OF FIRE BOATS",159959
"Transit Power Line Worker",159852
"Real Estate Devt. Mgr, SFMTA",159775
"INSPECTOR, (POLICE DEPARTMENT)",159499
"Ex Asst to Admin, SFGH",159318
"Water Conservation Admin",158813
"Sewage Treatment Plant Supt",158739
"Senior Industrial Hygienist",158705
"Transit Power Cable Splicer",157978
"Crane Mechanic Supervisor",157705
"IS Engineer-Senior",157644
"Project Manager 2",157627
"Electrl Trnst Mech, Asst Sprv",157543
"CHIEF DISTRICT ATTORNEY'S INVESTIGATOR",157356
"Chief Housing Inspector",157240
"Senior Building Inspector",157199
"Chf Victim/Witness Invstgtor",157023
"COMMUNICATIONS LINE WORKER SUPERVISOR II",156468
"Dep Dir II",156064
"Media/Security Syst Supv",155985
"Electrician Supervisor II",155567
"Dep Dir I",155513
"Architect",154794
"BOARD SECRETARY - MUNICIPAL TRANSPORTATION AGENC",154691
"Employment & Training Spec 6",154605
"SUPERVISING PHARMACIST",154313
"INSPECTOR III, (POLICE DEPARTMENT)",154126
"Senior Plan Checker",153914
"Locksmith Supervisor 1",153885
"LIEUTENANT I, (POLICE DEPARTMENT)",153796
"Senior Property Manager, Port",153712
"Ex Dir, SE Com Fac Comm",153186
"Plumber Supervisor 1",153173
"LIEUTENANT II (POLICE DEPARTMENT)",152985
"ASSISTANT INSPECTOR III (POLICE DEPARTMENT)",152671
"FIRE SAFETY INSPECTOR II",152597
"Chief Fire Alarm Dispatcher",152446
"Special Assistant 19",152196
"Senior Physical Therapist",152169
"Diagnostic Imaging Tech II",152113
"Senior Const Inspector",151931
"Manager II",151845
"Chf Stationary Eng, Sew Plant",151736
"Registered Nurse",151651
"Electronic Maintenance Tech",151520
"SERGEANT III (POLICE DEPARTMENT)",151323
"ASSISTANT INSPECTOR II (POLICE DEPARTMENT)",150889
"IS Business Analyst-Principal",150875
"MANAGER VII - MUNICIPAL TRANSPORTATION AGENCY",150641
"Supv Biologist",150551
"SHERIFF'S CAPTAIN",150524
"Maritime Marketing Repr",150522
"WATER CONSTRUCTION AND MAINTENANCE SUPERINTENDENT",150353
"PROJECT MANAGER III",150305
"City Shops Asst Superintendent",150265
"Airport Economic Planner",149814
"Public Health Nurse",149698
"Planner 5",149294
"Senior Occupational Therapist",148992
"Electrician Supervisor 1",148952
"Pilot of Fire Boats",148917
"Asst Superintendent Rec",148785
"Chief Stationary Engineer",148289
"Trans Safety Specialist",148186
"Research Psychologist",147996
"Senior Housing Inspector",147992
"Architectural Associate 2",147872
"Transit Manager 2",147779
"Emergency Services Coord IV",147692
"SERGEANT I (POLICE DEPARTMENT)",147685
"DEPUTY DIRECTOR III",147617
"Architectural Administrator",147578
"Fire Rescue Paramedic",147518
"Asst Chf Dist Atty's Invstgtor",147416
"Industrial Engineer",147059
"Automotive Mechanic Asst Sprv",146904
"SERGEANT II (POLICE DEPARTMENT)",146854
"Ct Comp App Analyst",146613
"Bldg & Grounds Maint Sprv",146601
"Sheet Metal Supervisor 1",146486
"IS Engineer-Journey",146365
"SENIOR COURT STAFF ATTORNEY",146196
"Pub Safety Communication Coord",146169
"MANAGER VI",145775
"Planner 4",145640
"TELECOMMUNICATIONS TECHNICIAN SUPERVISOR",145519
"MANAGER VIII - MUNICIPAL TRANSPORTATION AGENCY",145445
"Plumbing Inspector",145320
"Utility Specialist",145307
"WIRE ROPE CABLE MAINTENANCE MECHANIC",145074
"Airport Electrician",145068
"Trans and Dist Line Worker",145025
"Court Interpreter Supervisor",144963
"Airport Electrician Supervisor",144958
"Sr District Atty Investigator",144916
"Pr Environmental Hlth Insp",144753
"Assoc Engineer",144598
"Transportation Planner IV",144353
"INSPECTOR II, (POLICE DEPARTMENT)",144283
"SrClaimsInvstgtor,Cty Atty Ofc",144256
"Auto Machinist Asst Sprv",144175
"IT Operations Support Admin V",143823
"Sr Sprv Prob Ofc, Juv Prob",143737
"Prnpl Admin Analyst II",143599
"Manager I",143588
"Contract Compliance Officer 2",143492
"ELECTRICAL TRANSIT SHOP SUPERVISOR I",143414
"Sr Environmental Hlth Insp",143249
"Transit Planner 4",143139
"Mayoral Staff XIII",143112
"Deputy Sheriff",142913
"Special Assistant 16",142798
"Cement Finisher Supervisor 2",142729
"Sprv Clincal Psychologist",142725
"Training Coordinator",142639
"Pr Real Property Appraiser",142572
"INFORMATION SERVICES MANAGER",142468
"Member, Board of Supervisors",142358
"Electric Motor Repair Sprv 1",142151
"Sr Statnry Eng, Wtr Treat Plnt",142093
"Senior Real Property Officer",142066
"Maintenance Controller",141988
"Sr. Stationary Eng, Sew Plant",141527
"Soft Floor Coverer Supvr I",141474
"Fiscal Services Supervisor",141221
"Bd/Comm Secretary 3",141025
"Safety Officer",141022
"Municipal Stadium Groundskpr",140982
"Planner 4-Environmental Review",140962
"Automotive Machinist Sprv 1",140932
"Maintenance Planner",140885
"Watershed Forester",140866
"Mental Health Hearing Officer",140819
"Water & Power Maint Sprv 1",140674
"Chemist III",140554
"SENIOR LIGHT RAIL VEHICLE EQUIPMENT ENGINEER",140530
"Transit Supervisor",140514
"Street Inspection Supervisor",140511
"IS Prg Analyst-Principal",140462
"Protective Services Supervisor",140303
"Sup Welfare Fraud Investigator",140245
"BUILDING PLANS ENGINEER",140179
"Chief Surveyor",139405
"Parking Enforcement Admin",139401
"FIREFIGHTER",139292
"TRANSMISSION LINE SUPERVISOR I",139001
"Public SafetyComm Supv",138843
"Wire Rope Cable Maint Mechanic",138837
"Sprv Wastewater Cont Inspector",138468
"IS Engineer-Assistant",138369
"Biologist III",138231
"Criminalist II",137987
"Supv Chemist",137978
"Ornamental Iron Wrk Sprv 1",137951
"DISABILITY ACCESS COORDINATOR",137926
"Electr Instrmntn Tech Wtr Poll",137829
"COURT COMPUTER SYSTEMS MANAGER",137773
"PRINCIPAL CIVIL ENGINEER",137530
"Area Sprv Parks, Squares & Fac",137362
"Nursing Supervisor",137023
"Carpenter Supervisor 1",136863
"Supt Water Treatment Fac",136708
"Senior Stationary Engineer",136447
"Architectural Associate 1",136435
"Pharmacist",136326
"LAW LIBRARIAN",136292
"Claims Adjuster",136238
"Street Repair Supervisor 2",136212
"Heavy Equip Ops Asst Sprv",136159
"HEATING AND VENTILATING INSPECTOR",136044
"RADIOLOGIC TECHNOLOGIST SUPERVISOR",135897
"Sr Counselor, Juvenile Hall",135869
"TRANSIT POWER LINE WORKER SUPERVISOR II",135807
"MECHANICAL SHOP AND EQUIPMENT SUPERINTENDENT",135786
"Asphalt Plant Supervisor 1",135553
"SENIOR POWER GENERATION TECHNICIAN",135431
"Perf Analyst III Project Mgr",135323
"Court Supervisor II",135285
"ASST. CHIEF, BUREAU OF CLAIMS INVEST. & ADMIN",135167
"Supervising Purchaser",134972
"Communications Systems Tech",134943
"Emergency Med Svcs Agency Spec",134927
"Water Operations Analyst",134826
"Maintenance Machinist Sprv 1",134678
"SHERIFF'S LIEUTENANT",134639
"Traffic Sign Manager",134557
"Mayoral Staff XV",134529
"UTILITY PLUMBER SUPERVISOR II",134510
"Hospital Elig Wrk Supervisor",134398
"Sprv Prob Ofc, Juv Court",134375
"Building Inspector",134310
"Coord of Citizen Involvement",134307
"MAYOR",134206
"Senior Water Service Inspector",134187
"CRIME LABORATORY MANAGER",134178
"Conservatorship/Case Mgt Sprv",133944
"Feasibility Analyst, Port",133895
"Electrical Transit System Mech",133720
"COURT ADMINISTRATOR",133602
"Principal Mgmt Analyst",133578
"IS Trainer-Senior",133566
"Senior Street Inspector",133476
"Mayoral Staff XIV",133461
"Transit Manager 1",133440
"Transit Paint Shop Sprv1",133348
"TRANSIT OPERATIONS SPECIALIST",133335
"STRUCTURAL ENGINEER",133300
"Elevator and Crane Technician",133243
"Secretary, Comm on the Environ",132819
"Heavy Equipment Ops Sprv",132724
"HEAD AIRPORT ELECTRICIAN",132582
"ASSISTANT DIRECTOR OF CLINICAL SERVICES II",132471
"Principal Environ Specialist",132368
"Med Examiner's Investigator II",132295
"Head Park Patrol Officer",132283
"SPECIAL ASSISTANT XVI",132243
"ASSISTANT DEPUTY DIRECTOR, PORT",132243
"Airports Communications Sprv",132186
"TRAIN CONTROLLER",132175
"Airport Operations Supervisor",132014
"Sheet Metal Wrk Supervisor 2",131904
"Administrative Hearing Sup",131790
"DIRECTOR, FISCAL SERVICES",131788
"Sprv Adult Probation Ofc",131646
"TRANSIT PAINT SHOP SUPERVISOR I",131457
"Utility Plumber",131174
"CLINICAL PHARMACIST",131120
"Asst Dir, Log Cabin Rnch",131029
"Track Maint Supt, Muni Railway",130970
"Pr Investigator, Tax Collector",130956
"Claims Investigator",130935
"Ct Comp Sys Engineer II",130770
"Senior Emp Relations Repres",130739
"CHIEF STATIONARY ENGINEER, WATER TREATMENT PLANT",130454
"CHIEF WATER SERVICE INSPECTOR",130437
"Power House Operator",130081
"Pr Administrative Analyst",130025
"AUTOMOTIVE TRANSIT SHOP SUPERVISOR I",129862
"Environmental Health Inspector",129841
"TRAFFIC HEARING OFFICER",129613
"Senior Microbiologist",129571
"Pr Fare Collections Receiver",129495
"FIRE FIGHTER PARAMEDIC",129429
"Street Environ Svcs Oprs Supv",129411
"LANDSCAPE ARCHITECT",129143
"Medical Social Work Supervisor",129050
"SENIOR ENGINEER",128951
"UTILITY PLUMBER SUPERVISOR I",128943
"HH Mechanical Shop Sprv",128876
"Auto Body&Fender Wrk Asst Sprv",128800
"IT Operations Support Admin IV",128762
"AIRPORT MECHANICAL MAINTENANCE SUPERVISOR",128534
"MANAGER, EMPLOYEE RELATIONS DIV",128519
"SENIOR ELECTRICAL INSPECTOR",128426
"Court Staff Attorney II",128391
"CLINICAL NURSE SPECIALIST",128318
"Project Manager 1",128271
"Sr Investigator, OCC",128195
"COURT REPORTER COORDINATOR",128128
"ATTORNEY (CIVIL/CRIMINAL)",128057
"ADMINISTRATIVE ENGINEER",127961
"CHIEF PLUMBING INSPECTOR",127938
"Safety Analyst",127898
"COMMUNICATION LINE SUPERVISOR I",127866
"POLICE OFFICER III",127834
"COURT COMMISSIONER",127719
"IS Business Analyst-Senior",127420
"Asst Clk, Board of Supervisors",127252
"Ex Asst to the Controller",127252
"Secretary, Library Commission",127231
"Sr Employee Asst Counselor",127023
"Senior Claims Investigator",126992
"INSTITUTIONAL POLICE SERGEANT",126972
"Mayoral Staff XII",126941
"CEMENT FINISHER SUPERVISOR II",126937
"TRANSIT POWER LINE SUPERVISOR I",126821
"FIRE PROTECTION ENGINEER",126802
"Sr Marriage, Fam & Cld Cnslr",126743
"SUPERINTENDENT OF WATER TREATMENT FACILITIES",126707
"Pr Personal Property Auditor",126689
"Electric Motor Repairer",126623
"Main Machinist Asst Sprv",126616
"CHIEF BUILDING INSPECTOR",126615
"ASSISTANT COURT REPORTER COORDINATOR",126572
"PRINCIPAL DISTRICT ATTORNEY'S INVESTIGATOR",126393
"Assistant Law Librarian",126364
"AUTOMOTIVE MECHANIC SUPERVISOR I",126171
"Operating Engineer, Universal",126170
"Sr Community Dev Spec 2",126152
"ELECTRICAL TRANSIT MECHANIC, ASSISTANT SUPERVISOR",126152
"Market Research Spec, Port",126096
"Counselor, Family Court Svc",126088
"Communications Line Wrk Sprv 2",126015
"Arborist Technician Supv II",125927
"Housing Inspector",125902
"Sprv, Traffic & Street Signs",125847
"Administrative Services Mgr",125827
"Plumber",125655
"Sr Public Defenders Invstgtor",125654
"Sr General Utility Mechanic",125653
"Auditor III",125457
"IS Administrator 3",125349
"Librarian 2 - Asian Arts",125320
"Program Specialist Supervisor",125233
"Traffic Signal Electrician",125174
"Manager II, MTA",125110
"Sr Cent Proc & Dist Tech",125107
"Building Plans Engineer",125008
"LOCKSMITH SUPERVISOR I",125004
"Nurse Practitioner",124886
"Payroll Supervisor",124567
"Public SafetyComm Disp",124559
"BUILDINGS AND GROUNDS MAINTENANCE SUPERINTENDENT",124398
"MANAGER, UNIFIED FAMILY COURT SERVICES",124392
"DIRECTOR, HUMAN RESOURCES",124332
"SUPERVISING ELECTRONIC MAINTENANCE TECHNICIAN",124315
"Maintenance Manager",124311
"Car and Auto Painter",124278
"Accountant IV",124237
"Painter Supervisor 1",124162
"Police Officer",124091
"Media Training Specialist",123999
"DISTRICT ATTORNEY",123989
"Deputy Sheriff (SFERS)",123839
"Training Technician",123746
"Pipe Welder",123724
"IS Technician-Supervisor",123589
"Carpenter Supervisor 2",123486
"Cfdntal Sctry to Distric Atty",123372
"SHEET METAL WORKER SUPERVISOR II",123356
"Water Service Inspector",123347
"Sr Airport Communications Disp",123315
"Emergency Services Coord III",123300
"POLICE OFFICER II",123283
"Probate Examiner",123253
"Roofer Supervisor 1",123101
"CHIEF ELECTRICAL INSPECTOR",123081
"DEPARTMENT HEAD I",122988
"Chief Dietitian",122716
"Food Service Mgr Administrator",122649
"Arborist Technician Supervisor",122575
"AUTOMOTIVE BODY AND FENDER WORKER SUPERVISOR I",122487
"Airport Communications Officer",122252
"LABORATORY SERVICES MANAGER",122194
"Airport Property Specialist 1",122191
"Librarian 3",122182
"Employee Assistance Counselor",122064
"Sr. Environmental Spec",121985
"Construction Inspector",121971
"Electrical Line Worker",121955
"Court Invstgtor, Superior Crt",121929
"Health Program Coordinator 3",121763
"Property Manager, Port",121678
"Biologist I/II",121619
"Curator 4",121597
"Duty Officer",121542
"Cement Finisher Supervisor 1",121363
"Security Analyst",121306
"Senior Medical Social Worker",121146
"COURT COMPUTER FACILITIES COORDINATOR",120995
"Fusion Welder",120795
"Commercial Div Asst Sprv",120699
"MANAGER V",120634
"Dir of Act, Therapy & Vol Svcs",120442
"Automotive Body & Fender Wrk",120340
"Supervising Parts Storekeeper",119704
"Utility Plumber Apprentice",119649
"SENIOR PLUMBING INSPECTOR",119590
"Materials Coordinator",119497
"Maintenance Machinist",119479
"Medical Records Tech Sprv",119435
"CHIEF HOUSING INSPECTOR",119337
"DIRECTOR, JUVENILE HALL",119204
"Rent Board Supervisor",119184
"Animal Care Supervisor",119137
"Patient Accounts Manager",119117
"Stationary Eng, Sewage Plant",119041
"TRAF SIGNAL ELECTRICIAN SUP II",118990
"Court Training Specialist",118977
"Senior Purchaser",118976
"SHERIFF'S SERGEANT",118847
"BUILDINGS AND GROUNDS MAINTENANCE SUPERVISOR",118751
"Mental Hlth Treatment Spec",118558
"MANAGER V - MUNICIPAL TRANSPORTATION AGENCY",118486
"Asst Engr",118398
"Asst Chf Victim/Wit Invstgtor",118387
"Automotive Mechanic",118354
"Station Agent, Muni Railway",118335
"PLUMBER SUPERVISOR I",118318
"Engineering Associate 2",118274
"SENIOR PHYSICIAN SPECIALIST",118240
"Assistant Industrial Hygienist",118231
"Welfare Fraud Investigator",118216
"IS ENGINEER - PRINCIPAL",118111
"MANAGER IV - MUNICIPAL TRANSPORTATION AGENCY",118093
"Pattern Maker",118073
"SENIOR BUILDING INSPECTOR",118043
"TRAF SIGNAL ELECTRICIAN SUP I",117996
"ASSISTANT CHIEF DISTRICT ATTORNEY'S INVESTIGATOR",117965
"Forester",117811
"Sewer Service Worker",117795
"Protective Services Worker",117772
"Secretary, Health Commission",117690
"Steamfitter",117672
"Court Administrative Secretary",117504
"TRANSPORTATION SAFETY SPECIALIST",117380
"ELECTRICIAN SUPERVISOR II",117254
"Survey Associate",117191
"Electrical Inspector",117180
"TRANSIT POWER LINE WORKER",117162
"IS Administrator-Supervisor",117154
"Sr Psychiatric Social Worker",117100
"AIRPORT ELECTRICIAN SUPERVISOR",117089
"Senior Personnel Analyst",116889
"Bricklayer",116588
"Building Services Technician",116527
"Asst Forensic Toxicologist 1",116516
"SEWER REPAIR SUPERVISOR",116514
"MANAGER IV",116502
"Transportation Planner III",116471
"TRACK MAINTENANCE WORKER SUPERVISOR I",116465
"MANAGER VI - MUNICIPAL TRANSPORTATION AGENCY",116436
"Industrial Hygienist",116343
"IS Trainer-Journey",116263
"PUBLIC RELATIONS MANAGER",116079
"IS PROJECT DIRECTOR",115868
"Claims Investigator, CA",115826
"Senior Health Program Planner",115640
"Diagnostic Imaging Tech IV",115586
"ELECTRONIC MAINTENANCE TECHNICIAN ASSISTANT SUPERV",115570
"Planner 3-Environmental Review",115482
"Senior Real Property Appraiser",115447
"COMMUNICATIONS DIRECTOR",115290
"Assoc Musm Cnsrvt, AAM",115270
"Watershed Keeper Supervisor",115095
"Epidemiologist 2",115095
"Deputy Court Clerk III",115092
"ELECTRICAL TRANSIT MECHANIC SUPERVISOR I",114972
"Landscape Architect Assoc 1",114963
"Med Staff Svcs Dept Anl",114955
"Employment & Training Spec 5",114932
"TRANSIT SUPERVISOR",114900
"COURT COMPUTER APPLICATIONS PROGRAMMER",114335
"Asst Materials Coordinator",114288
"POLICE OFFICER I",114163
"CHIEF MICROBIOLOGIST",114142
"Regulatory Specialist",114063
"Welder",113863
"DIAGNOSTIC IMAGING TECH II",113854
"PROJECT MANAGER II",113744
"Airport Safety Officer",113714
"Librarian 2",113686
"MEDIA/SECURITY SYSTEMS SUPERVISOR",113389
"Janitorial Services Supervisor",113383
"ENGINEER",113374
"Customer Service Agent Supv",113192
"Electrician",113182
"SENIOR HOUSING INSPECTOR",113049
"Principal Personnel Analyst",112893
"CHIEF FIRE ALARM DISPATCHER",112798
"Comm Pol Svcs Aide Supervisor",112724
"Sheet Metal Worker",112630
"OPERATING ROOM NURSE",112490
"Emp & Training Spec 4",112407
"Mayoral Staff XI",112404
"Shelter Veterinarian",112402
"RESEARCH PSYCHOLOGIST",112330
"Media Production Supv",112266
"ANESTHETIST",112265
"Counselor 2",112255
"Director, Probate",112049
"EEO Senior Specialist",112033
"Victim/Witness Investigator 3",111991
"SUPERVISING BIOLOGIST",111917
"EXECUTIVE ASSISTANT TO THE GENERAL MANAGER, RETIRE",111821
"Patient Accounts Supervisor",111603
"STEAMFITTER ASSISTANT SUPERVISOR",111586
"Planner 3",111538
"Senior Administrative Analyst",111532
"Physician Assistant",111497
"Contract Compliance Officer 1",111434
"POWER HOUSE ELECTRICIAN SUPERVISOR I",111393
"Chemist",111284
"Forensic Laboratory Technician",111146
"SUPERVISING WASTEWATER CONTROL INSPECTOR",111127
"Pr Payroll & Personnel Clerk",111064
"Eligibility Worker Supervisor",111063
"Govrnmt/Publ Affairs Mgr",111008
"PRINCIPAL ENVIRONMENTAL HEALTH INSPECTOR",110982
"Depty Sealer of Weights & Meas",110969
"Investigator, Tax Collector",110960
"IS ENGINEER - SENIOR",110821
"Social Work Supervisor",110811
"Assistant Director, Probate",110759
"PLANNER V",110746
"SENIOR PHYSICAL THERAPIST",110744
"AUTOMOTIVE MECHANIC ASSISTANT SUPERVISOR",110583
"Senior Transit Traffic Checker",110579
"Switch Repairer",110571
"IS Business Analyst",110384
"Graphics Supervisor",110133
"LANDSCAPE ARCHITECTURAL ASSOCIATE II",109950
"SEWAGE TREATMENT PLANT SUPERINTENDENT",109921
"Airport Communications Disp",109911
"LINE INSPECTOR",109847
"AUTOMOTIVE MACHINIST ASSISTANT SUPERVISOR",109761
"SENIOR DEPUTY SHERIFF",109732
"Coord, Human Rights Comm",109705
"Painter Supervisor 2",109660
"CRIMINALIST III",109614
"IS Programmer Analyst-Senior",109537
"SENIOR INDUSTRIAL HYGIENIST DEPT OF PUBLIC HEALTH",109496
"Court Supervisor I",109432
"Public Relations Officer",109348
"Criminal Justice Specialist 2",109292
"Parking Meter Repairer Sprv 1",109262
"Child Support Officer III",109188
"IT Operations Support Admn III",109181
"Sprv Adult Prob Ofc (SFERS)",109175
"Sr Personal Property Auditor",109167
"MANAGER III - MUNICIPAL TRANSPORTATION AGENCY",109135
"Transit Planner III",108914
"Chemist I/II",108907
"ASSISTANT DIRECTOR OF CLINICAL SERVICES I",108888
"IS BUSINESS ANALYST - PRINCIPAL",108868
"AIRPORT ELECTRICIAN",108708
"ELECTRICAL TRANSIT SYSTEM MECHANIC",108657
"Legal Secretary 2",108651
"DIRECTOR, PROBATION SERVICES",108645
"UNDERSHERIFF",108601
"Investigator,Taxi & AccessSvcs",108575
"Window Cleaner Supervisor",108551
"ELECTRIC MOTOR REPAIRER",108514
"SENIOR CLAIMS INVESTIGATOR",108505
"Asphalt Finisher Supervisor 1",108468
"Integrated Pest Mgmt Specialst",108443
"MAYORAL STAFF XVII",108426
"Instructional Designer",108381
"AIRPORT ECONOMIC PLANNER",108265
"Vet Laboratory Technologist",108130
"TRANSIT MANAGER II",108126
"IS Technician-Senior",108107
"Program Support Analyst",107979
"Stationary Engineer",107857
"PILOT OF FIRE BOATS",107818
"Piledriver Supervisor 1",107810
"Accountant III",107741
"District Attry's Investigator",107731
"Senior Estate Investigator",107699
"ASSISTANT LAW LIBRARIAN",107692
"WATER OPERATIONS ANALYST",107587
"SENIOR PLAN CHECKER",107583
"TRANSIT PLANNER IV",107562
"Locksmith",107559
"Court Reporter",107285
"Survey Assistant II",107274
"TRANSIT MANAGER I",107143
"CHIEF STATIONARY ENGINEER",107054
"CHIEF STATIONARY ENGINEER, SEWAGE PLANT",107028
"CRANE MECHANIC SUPERVISOR",106963
"Deputy Probation Officer",106954
"TRAFFIC SIGNAL ELECTRICIAN",106943
"Acupuncturist",106876
"Health Educator",106808
"AprntcStatnry Eng,WtrTreatPlnt",106729
"SENIOR DISTRICT ATTORNEY'S INVESTIGATOR",106710
"SENIOR PROPERTY MANAGER, PORT",106685
"Rehabilitation Svcs Coord",106630
"REGISTERED NURSE",106621
"ELECTRONIC MAINTENANCE TECHNICIAN",106502
"SENIOR CONSTRUCTION INSPECTOR",106500
"Transit Car Cleaner Asst Sprv",106483
"MEDICAL EXAMINER'S INVESTIGATOR III",106189
"Sr Fare Collections Receiver",106032
"Mgr, Unified Family Court Svcs",105989
"SUPERVISING PARTS STOREKEEPER",105972
"Chf Payroll & Personnel Clerk",105968
"Personnel/Payroll Repres",105866
"CITY SHOPS ASSISTANT SUPERINTENDENT",105863
"Janitorial Svcs Asst Sprv",105832
"CONTRACT COMPLIANCE OFFICER II",105822
"AUTOMOTIVE MACHINIST SUPERVISOR I",105797
"PLANNER IV",105635
"Wastewater Control Inspector",105538
"Engineering Associate 1",105362
"Senior Psychiatric Orderly",105339
"POWER GENERATION TECHNICIAN II",105137
"Sr. Community Devl Spc 1",105035
"MAINTENANCE CONTROLLER",105015
"MARITIME MARKETING REPRESENTATIVE",104904
"MANAGER III",104892
"MANAGER II - MUNICIPAL TRANSPORTATION AGENCY",104848
"Public Defender's Investigator",104741
"Wharfinger 2",104725
"Institutional Police Officer",104669
"Recreation Supervisor",104660
"Auto Svc Wrk Asst Sprv",104660
"Senior Fiscal Technician",104653
"COURT COMPUTER SYSTEMS ENGINEER II",104604
"HSA Emp & Training Spec II",104191
"Prpl Permit and Citation Clerk",104160
"Roofer",103938
"PRINCIPAL ADMINISTRATIVE ANAYLST II",103892
"Automotive Machinist",103870
"Senior Parking Control Officer",103830
"MEDICAL EXAMINER'S INVESTIGATOR II",103823
"Porter Supervisor 1",103764
"DIVISION DIRECTOR ADULT PROBATION",103644
"Principal Water Services Clerk",103590
"Legislative Clerk",103383
"Ornamental Iron Worker",103318
"DIAGNOSTIC IMAGING TECH III",103279
"SENIOR CLAIMS INVESTIGATOR,CITY ATTORNEY'S OFFICE",103263
"SENIOR MAINTENANCE CONTROLLER",103256
"Cable Splicer",103168
"Airport Emerg Planning Coord",103134
"Program Specialist",103018
"Water Meter Shop Supervisor 1",102914
"Senior Pharmacy Helper",102904
"Criminalist I",102898
"FISCAL SERVICES COORDINATOR",102849
"ARCHITECTURAL ADMINISTRATOR",102791
"SECRETARY TO THE PRESIDING JUDGE",102656
"Senior Book Repairer",102607
"Pile Worker",102511
"Aquatics Facility Supervisor",102429
"Invstgtor Ofc Citizen Cmplnts",102409
"Senior Benefits Analyst",102165
"Fiscal Technician",102159
"POWER PLANT SUPERVISOR I",102146
"Public Health Team Leader",102123
"Rep, Comm Status of Women",102033
"Piledriver Engine Operator",101961
"Court Clerk",101688
"Sen Hospital Eligibility Wrkr",101630
"Senior Power House Operator",101629
"Library Technical Assistant 2",101591
"CHIEF VICTIM/WITNESS INVESTIGATOR",101588
"Biologist",101554
"CLAIMS INVESTIGATOR",101527
"SHEET METAL SUPERVISOR I",101517
"Curator 3",101510
"Benefits Supervisor",101498
"SAFETY ANALYST",101479
"Assistant Retirement Analyst",101453
"Carpenter",101433
"MAINTENANCE MACHINIST SUPERVISOR I",101428
"Maintenance Scheduler",101410
"Apprentice Stationary Engineer",101357
"Senior Morgue Attendant",101325
"Worker's Compensation Adjuster",101321
"MANAGER II",101316
"ELEVATOR AND CRANE TECHNICIAN",101145
"PARKING ENFORCEMENT ADMINISTRATOR",101068
"SPECIAL ASSISTANT XXII",101061
"EXECUTIVE DIRECTOR, SOUTHEAST COMMUNITY FACILITY",101034
"Legislation Clerk",100976
"Training Officer",100974
"HEAVY EQUIPMENT OPERATIONS SUPERVISOR",100940
"PROJECT MANAGER I",100845
"SENIOR EMPLOYEE RELATIONS REPRESENTATIVE",100688
"WATER CONSERVATION ADMINISTRATOR",100558
"AUDIOLOGIST",100556
"ELECTRICAL LINE WORKER",100533
"ASSISTANT SUPERINTENDENT RECREATION",100515
"Nursing Assistant",100489
"Specialist in Aging 2",100485
"ASPHALT PLANT SUPERVISOR I",100404
"SENIOR STATIONARY ENGINEER, WATER TREATMENT PLANT",100295
"PLUMBING INSPECTOR",100244
"WATER AND POWER MAINTENANCE SUPERVISOR I",100162
"Executive Secretary 2",100142
"NURSING SUPERVISOR",100084
"ARCHITECT",99881
"Metalsmith",99836
"Health Program Coordinator 2",99783
"Snr Permit and Citation Clerk",99779
"TRAFFIC SIGN MANAGER",99775
"UTILITY SPECIALIST",99765
"ELECTRIC MOTOR REPAIR SUPERVISOR I",99744
"Illustrator and Art Designer",99606
"POWER GENERATION SUPERVISOR",99505
"ELECTRICIAN SUPERVISOR I",99487
"Principal Museum Preparator",99471
"Estate Investigator",99398
"Statnry Eng Water Treat Plant",99386
"ARCHITECTURAL ASSOCIATE II",99333
"Purchaser",99296
"Street Inspector",99285
"Chief Clerk",99266
"ASSOCIATE ENGINEER",99257
"Marriage, Family & Child Cnslr",99238
"Media Production Specialist",99233
"SUPERVISING PURCHASER",99125
"PLANNER IV-ENVIRONMENTAL REVIEW",99107
"Environmental Spec",99100
"Nursery Specialist",98997
"POLICE COMMUNICATIONS SHIFT SUPERVISOR",98970
"MUNICIPAL STADIUM GROUNDSKEEPER",98934
"BUILDING INSPECTOR",98919
"Senior Food Service Supervisor",98918
"Senior Parts Storekeeper",98867
"PUBLIC HEALTH NURSE",98760
"Physical Therapist Assistant",98698
"SENIOR STATIONARY ENGINEER",98665
"Senior Management Assistant",98571
"Psychiatric Social Worker",98557
"Museum Sec Supv",98510
"Park Section Supervisor",98482
"SENIOR STATIONARY ENGINEER, SEWAGE PLANT",98381
"Shelter Officer Supervisor",98377
"EMPLOYMENT AND TRAINING SPECIALIST VI",98305
"CEMENT FINISHER SUPERVISOR I",98244
"Water Quality Tech III",98220
"Dist Atty Investigator (SFERS)",98128
"COURT REPORTER",98043
"IS Business Analyst-Assistant",98024
"Principal Account Clerk",98005
"Power Plant Supervisor 1",97928
"SENIOR ENVIRONMENTAL HEALTH INSPECTOR",97887
"Airport Noise Abatement Spec",97842
"Social Work Specialist",97750
"CARPENTER SUPERVISOR I",97612
"Physical Therapist",97572
"ELECTRICAL INSPECTOR",97570
"Court Asst-Sr, Superior Court",97531
"SENIOR HUMAN RESOURCES ANALYST",97524
"IS Administrator 1",97350
"IS ENGINEER - JOURNEY",97134
"Senior Social Worker",97101
"COURT SUPERVISOR II",97065
"Fingerprint Technician 3",97025
"Pharmacy Technician",96946
"Hodcarrier",96932
"COURT INTERPRETER SUPERVISOR",96914
"IS PROGRAMMER ANALYST - PRINCIPAL",96906
"Medical Social Worker",96811
"Orthopedic Technician 2",96783
"Custodial Supervisor",96756
"Assistant Counselor",96730
"Dental Hygienist",96647
"Administrative Analyst",96562
"SECURITY ANALYST",96562
"Electrical Line Helper",96477
"IT Operations Support Admin II",96450
"Hospital Eligiblity Worker",96365
"DEPUTY DIRECTOR I",96283
"Automotive Service Worker",96168
"Worker's Comp Supervisor 1",96125
"Personal Property Auditor",96119
"Child Support Officer II",96059
"SENIOR POLICE COMMUNICATIONS DISPATCHER",96046
"Truck Driver",96034
"STREET INSPECTION SUPERVISOR",95982
"MANAGER I",95847
"COURT COMPUTER APPLICATIONS ANALYST",95843
"Sr Payroll & Personnel Clerk",95807
"CAR AND AUTO PAINTER",95781
"Glazier",95711
"Window Cleaner",95638
"DEPUTY DIRECTOR II",95565
"Senior Museum Registrar",95536
"STEAMFITTER",95486
"ASSISTANT TO THE DIRECTOR, PUBLIC AFFAIRS       RS",95283
"Field Svcs Asst Supv",95214
"IS TRAINER - SENIOR",95203
"Auditor II",95151
"Accountant II",95086
"Fare Collections Receiver",95068
"Real Property Appraiser",95022
"MAYORAL STAFF XV",94945
"AIRPORT OPERATIONS SUPERVISOR",94914
"PROTECTIVE SERVICES SUPERVISOR",94905
"SENIOR MICROBIOLOGIST",94891
"Senior Unit Clerk",94869
"Admin Analyst 3",94863
"ASSISTANT SHERIFF",94838
"DEPUTY SHERIFF",94820
"Watershed Keeper",94783
"CHIEF ADULT PROBATION OFFICER",94751
"PROBATE EXAMINER",94732
"Water Meter Repairer",94716
"Surgical Procedures Technician",94673
"HSA Social Worker",94591
"Water Quality Technician",94591
"Deputy Court Clerk II",94570
"BIOLOGIST III",94550
"IS Technical-Journey",94525
"Community Development Spec",94497
"Health Worker 4",94342
"Forensic Autopsy Technician",94316
"Patient Accounts Asst Sprv",94315
"PERFORMANCE ANALYST III - PROJECT MANAGER",94262
"STATION AGENT, MUNICIPAL RAILWAY",94207
"Architectural Assistant 2",94152
"ORNAMENTAL IRON WORKER SUPERVISOR I",94000
"COURT INVESTIGATOR",93980
"Chief Nursery Specialist",93926
"SUPERVISING WELFARE FRAUD INVESTIGATOR",93879
"Senior Eligibility Worker",93854
"Transit Car Cleaner",93854
"TRAINING COORDINATOR",93816
"Animal Keeper",93791
"Performance Analyst II",93736
"SENIOR WATER SERVICE INSPECTOR",93709
"PRINCIPAL REAL PROPERTY APPRAISER",93531
"Microbiologist",93527
"Emergency Services Coord I",93394
"Arborist Technician",93260
"Investigator/Transit Fare Supv",93253
"Court Alternative Specialist 1",93238
"MEDICAL SOCIAL WORK SUPERVISOR",93149
"SENIOR SYSTEMS ACCOUNTANT",93120
"EEO Programs Specialist",93102
"General Laborer Supervisor 1",93027
"Chief Telephone Operator",92919
"WATERSHED FORESTER MANAGER",92878
"Executive Secretary 1",92874
"HEAVY EQUIPMENT OPERATIONS ASSISTANT SUPERVISOR",92872
"Transit Traffic Checker",92831
"GOVERNMENT AND PUBLIC AFFAIRS MANAGER",92827
"ADMINISTRATIVE ANALYST III",92699
"MOBILE EQUIPMENT SUPERVISOR",92674
"Community Police Services Aide",92655
"ASSOCIATE AFFIRMATIVE ACTION COORDINATOR",92647
"INDUSTRIAL HYGIENIST",92610
"Power Generation Technician 1",92517
"Supv Bldg Grounds Patrol Ofcr",92480
"COMMUNICATIONS SYSTEMS TECHNICIAN",92419
"COURT SUPERVISOR I",92364
"Assistant Health Educator",92361
"SUPERVISING ADULT PROBATION OFFICER",92342
"Track Maintenance Worker",92331
"Disease Control Investigator",92326
"TRACK MAINTENANCE SUPERINTENDENT,MUNICIPAL RAILWAY",92315
"SENIOR COUNSELOR, JUVENILE HALL",92227
"UTILITY PLUMBER APPRENTICE",92195
"FUSION WELDER",92097
"Transit Operator",92067
"Aprntc Statnry Eng, Sew Plant",92028
"CHEMIST III",91993
"Water QualityTech I/II",91938
"Senior Health Educator",91880
"STREET ENVIRONMENTAL SERVICES OPERATIONS SUPERVI",91833
"COURT STAFF ATTORNEY II",91808
"IS ENGINEER - ASSISTANT",91742
"Personnel Analyst",91722
"MAINTENANCE PLANNER",91661
"Traffic Survey Technician",91576
"PRINCIPAL ADMINISTRATIVE ANALYST",91554
"SENIOR INVESTIGATOR, OFFICE OF CITIZEN'S COMPLAINT",91548
"BRICKLAYER",91372
"Principal Parts Storekeeper",91323
"SOFT FLOOR COVERER SUPERVISOR",91260
"SECRETARY, COMMISSION ON THE ENVIRONMENT",91118
"Asst General Services Manager",91111
"HSA Sr Eligibility Worker",91050
"WORKER'S COMPENSATION SUPERVISOR I",91021
"AUTOMOTIVE MECHANIC",90950
"IS ADMINISTRATOR - SUPERVISOR",90868
"Materials Testing Technician",90829
"Agricultural Inspector",90747
"Parts Storekeeper",90737
"PHARMACIST",90712
"Medical Transcriber Typist",90709
"Personnel Technician",90653
"Executive Secretary 3",90574
"Employment & Training Spec 3",90434
"IS Administrator 2",90432
"Sr Human Resources Analyst",90427
"COUNSELOR, FAMILY COURT SERVICE",90346
"Mobile Equipment Supervisor",90315
"Transportation Planner II",90280
"SENIOR HEALTH EDUCATOR",90245
"DIAGNOSTIC IMAGING TECH IV",90238
"SAFETY OFFICER",90190
"PIPE WELDER",90164
"Mail & Reproduction Svc Sprv",90163
"Curator 2",90156
"ASR Senior Office Specialist",90124
"Principal Clerk",90121
"POWER HOUSE OPERATOR",90094
"Medical Records Technician",90089
"COURT TRAINING SPECIALIST",89994
"Citizens Complaint Officer",89929
"Glazier Supervisor 1",89906
"PLUMBER",89745
"Occupational Therapist",89738
"HOUSING INSPECTOR",89713
"Special Assistant 15",89702
"General Utility Mechanic",89655
"Victim/Witness Investigator 2",89553
"PILEDRIVER SUPERVISOR I",89552
"NURSE PRACTITIONER",89430
"PATTERN MAKER",89427
"FEASIBILITY ANALYST, PORT",89376
"Senior Laundry Worker",89319
"IS Operator-Senior",89274
"MAYOR'S PROGRAM MANAGER",89197
"Assistant Const Inspector",89047
"CONSTRUCTION INSPECTOR",89042
"MAINTENANCE MACHINIST ASSISTANT SUPERVISOR",89012
"MENTAL HEALTH HEARING OFFICER",88996
"Transit Fare Insp. Sup/Invst.",88968
"SENIOR AIRPORT COMMUNICATIONS DISPATCHER",88901
"Painter",88850
"Fingerprint Technician 2",88839
"IS BUSINESS ANALYST - SENIOR",88837
"Legislative Assistant",88790
"PLANNER III-ENVIRONMENTAL REVIEW",88728
"CONSERVATORSHIP/CASE MGNT SUPV",88547
"Sr Medical Transcriber Typist",88528
"Shelter Office Asst Supv",88524
"PAINTER SUPERVISOR II",88468
"Utility Analyst",88460
"Health Care Billing Clerk 2",88425
"PHYSICIAN ASSISTANT",88400
"REGULATORY SPECIALIST",88377
"AREA SUPERVISOR, PARKS, SQUARES AND FACILITIES",88242
"Management Assistant",88234
"REAL PROPERTY OFFICER",88217
"SENIOR COMMUNITY DEVELOPMENT SPECIALIST II",88208
"PERSONNEL PAYROLL REPRESENTATIVE",88192
"AIRPORT COMMUNICATIONS SUPERVISOR",88180
"Customer Service Agent",88166
"EXECUTIVE ASSISTANT TO THE ADMINISTRATOR, S.F.G.H.",88137
"Accountant I",88122
"MAINTENANCE MACHINIST",88084
"Offset Machine Operator",88076
"Cement Mason",88046
"Psychiatric Technician",87917
"Collection Supervisor",87814
"PRINCIPAL PERSONAL PROPERTY AUDITOR",87725
"Environmental Hlth Tech 2",87679
"Legal Secretary 1",87647
"IS Programmer Analyst",87603
"SUPERVISOR, TRAFFIC AND STREET SIGNS",87534
"ASSISTANT CHIEF VICTIM/WITNESS INVESTIGATOR",87533
"ATTORNEY, TAX COLLECTOR",87466
"Mayoral Staff IX",87435
"Animal Care Asst Supv",87425
"Parking Meter Repairer",87368
"CARPENTER SUPERVISOR II",87337
"Food Service Supervisor",87227
"Permit and Citation Clerk",87179
"Therapy Aide",87167
"Central Processing & Dist Tech",87155
"Senior Collections Officer",87146
"AUTOMOTIVE SERVICE WORKER ASSISTANT SUPERVISOR",87131
"GLAZIER SUPERVISOR I",87129
"Emp & Training Spec 2",86966
"PAINTER SUPERVISOR I",86905
"TRANSIT PLANNER III",86886
"AUTOMOTIVE BODY AND FENDER WORKER",86883
"COURT MANAGER",86879
"SECRETARY, LIBRARY COMMISSION",86787
"EXECUTIVE SECRETARY TO THE CONTROLLER",86787
"SUPERVISING CLINICAL PSYCHOLOGIST",86762
"SUPERVISING COURT ADMINISTRATIVE SECRETARY",86707
"SENIOR RADIO TECHNICIAN",86632
"IS ADMINISTRATOR III",86573
"Library Technical Assistant 1",86473
"SHELTER VETERINARIAN",86412
"Clinical Psychologist",86411
"WATER SERVICE INSPECTOR",86374
"Survey Assistant I",86372
"Patient Accounts Clerk",86270
"WELDER",86183
"Engineering Assistant",86015
"Court Interpreter",85979
"MARKET RESEARCH SPECIALISTS, PORT",85940
"SPECIAL ASSISTANT XV",85913
"IT Operations Support Admin I",85846
"Speech Pathologist",85835
"Senior Personnel Clerk",85727
"Planner 2",85586
"TREE TOPPER SUPERVISOR I",85541
"Senior Water Services Clerk",85510
"SENIOR GENERAL UTILITY MECHANIC",85339
"Med Staff Svcs Dept Spc",85304
"HOSPITAL ELIGIBILITY WORKER SUPERVISOR",85231
"Health Care Analyst",85189
"Cfdntal Sctry to City Atty",85130
"Senior Storekeeper",85105
"EMERGENCY PROTECTIVE ORDERS COMMISSIONER",85057
"PUBLIC SAFETY COMMUNICATIONS DISPATCHER",84998
"MAYORAL STAFF XIV",84930
"TRANSMISSION AND DISTRIBUTION LINE WORKER",84801
"CHIEF NURSERY SPECIALIST",84800
"POWERHOUSE ELECTRICIAN SUPERVISOR II",84790
"Senior Transcriber Typist",84775
"Junior Engineer",84774
"LIBRARIAN III",84768
"Environmental Hlth Tech 1",84611
"MAYORAL STAFF XIII",84595
"Sup Ct Admin Secretary",84455
"UTILITY PLUMBER",84395
"ASSISTANT ENGINEER",84312
"BUILDING SERVICES TECHNICIAN",84303
"TRIAL DELAY REDUCTION COORDINATOR",84303
"Sewer Maintenance Worker",84199
"PRINCIPAL INVESTIGATOR, TAX COLLECTOR",84197
"Sr. Microphoto/Imaging Tech.",84092
"IS TECHNICIAN - SUPERVISOR",84082
"Research Assistant",84066
"Chef",84043
"SUPERVISING AUDITOR",83984
"MEDIA TRAINING SPECIALIST",83905
"PUBLIC RELATIONS OFFICER",83696
"Payroll Clerk",83688
"Legal Assistant",83678
"Elections Worker",83649
"Stable Attendant",83628
"Architectural Assistant 1",83547
"SENIOR EMPLOYEE ASSISTANCE COUNSELOR",83522
"MEDIA PRODUCTION SUPERVISOR",83503
"COORDINATOR, HUMAN RIGHTS COMMISSION",83439
"Physician Specialist",83405
"PILE WORKER",83353
"Porter Assistant Supervisor",83327
"SUPERVISING PROBATION OFFICER, JUVENILE COURT",83218
"ASSISTANT FORENSIC TOXICOLOGIST I",83197
"ROOFER SUPERVISOR I",83135
"Nutritionist",83086
"SWITCH REPAIRER",83065
"COURT AD RESOLUTION COORDINATOR",83002
"Pharmacy Helper",82962
"Shade and Drapery Worker",82927
"PRINCIPAL REAL PROPERTY OFFICER",82771
"Assessor-Recorder Office Spec",82725
"ASSISTANT ELECTRONIC MAINTENANCE TECHNICIAN",82662
"Head Airport Electrician",82659
"PROGRAM SUPPORT ANALYST",82577
"TRAINING TECHNICIAN",82567
"SEWER SERVICE WORKER",82556
"Laboratory Technician I",82541
"Secretary 2",82538
"SENIOR FISCAL TECHNICIAN",82355
"TREE TOPPER SUPERVISOR II",82304
"Rehabilitation Counselor",82198
"ELECTRICIAN",82167
"BIOLOGIST I/II",82159
"SENIOR PERSONNEL ANALYST",81970
"Farmer",81950
"CLAIMS ADJUSTER",81921
"SUPERVISING CHEMIST",81694
"CONFIDENTIAL SECRETARY TO DISTRICT ATTORNEY",81651
"ASSOCIATE HUMAN RESOURCES ANALYST",81641
"SENIOR CENTRAL PROCESSING AND DISTRIBUTION TECHNIC",81631
"Diagnostic Imaging Tech I",81618
"Real Property Manager",81608
"ASSISTANT DIRECTOR, LOG CABIN RANCH",81590
"Dietetic Technician",81588
"MATERIALS COORDINATOR",81554
"SENIOR ESTATE INVESTIGATOR",81456
"WASTEWATER CONTROL INSPECTOR",81345
"PRINCIPAL ENVIRONMENTAL SPECIALIST",81290
"Health Program Coordinator 1",81217
"AIRPORT COMMUNICATIONS OPERATOR",81215
"Mayoral Staff X",81142
"COURT ASSISTANT - SENIOR, SUPERIOR COURT",81082
"ASSISTANT RENTAL MANAGER, PORT",81016
"HEALTH PROGRAM COORDINATOR III",80969
"FIRE RESCUE PARAMEDIC",80945
"SENIOR HEALTH PROGRAM PLANNER",80812
"PLANNER III",80742
"Mayoral Staff VII",80686
"CHIEF SURVEYOR",80679
"Senior Maintenance Controller",80669
"Book Repairer",80630
"Senior Account Clerk",80603
"Dentist",80597
"DISTRICT ATTORNEY'S INVESTIGATOR",80512
"CHIEF DIETITIAN",80485
"ARCHITECTURAL ASSOCIATE  I",80459
"Museum Registrar",80456
"Asphalt Finisher",80438
"Meter Reader",80422
"Parking Control Officer",80409
"ELECTRONIC INSTRUMENTATION TECHNICIAN,WTR PLTNCN",80391
"LIBRARIAN II - ASIAN ARTS",80307
"ACPO,JuvP, Juv Prob (SFERS)",80266
"Benefits Analyst",80204
"ENVIRONMENTAL HEALTH INSPECTOR",80140
"Materials/Supplies Supervisor",80090
"HEAD PARK PATROL OFFICER",80047
"DA Investigative Assist",80013
"Gardener",79952
"Transit Fare Inspector",79916
"ASSISTANT INDUSTRIAL HYGIENIST",79904
"EMPLOYEE ASSISTANCE COUNSELOR",79901
"MOBILE EQUIPMENT ASSISTANT SUPERVISOR",79808
"IS BUSINESS ANALYST",79775
"SPECIALIST IN AGING II",79740
"SENIOR PUBLIC DEFENDER'S INVESTIGATOR",79725
"POWER GENERATION TECHNICIAN I",79670
"IS PROGRAMMER ANALYST - SENIOR",79626
"Fingerprint Technician 1",79432
"Sctry, Juv Probation Comm",79343
"METAL FABRICATOR",79209
"SENIOR REAL PROPERTY APPRAISER",79171
"Volunteer/Outreach Coord",79004
"MEDICAL STAFF SERVICES DEPARTMENT ANALYST",78912
"COORDINATOR OF CITIZEN INVOLVEMENT",78896
"SENIOR OCCUPATIONAL THERAPIST",78793
"Research Asst, Superior Court",78742
"Public Information Officer",78711
"LANDSCAPE ARCHITECTURAL ASSOCIATE I",78679
"Licensed Vocational Nurse",78651
"Events & Facilities Specialist",78607
"VICTIM/WITNESS INVESTIGATOR III",78488
"CONFIDENTIAL SECRETARY CITY ATTORNEY",78482
"Custodial Assistant Supervisor",78411
"Counselor, Log Cabin Ranch",78344
"Unit Clerk",78301
"Senior Museum Preparator",78270
"PARKING METER REPAIRER SUPERVISOR I",78194
"SENIOR MEDICAL SOCIAL WORKER",78176
"EPIDEMIOLOGIST II",78100
"EMPLOYMENT & TRAINING SPECIALIST IV",78097
"STATIONARY ENGINEER, SEWAGE PLANT",78017
"Transit Planner 2",78008
"SENIOR ENVIRONMENT SPECIALIST",77988
"Audiologist",77971
"Planner Technician",77833
"SENIOR PSYCHIATRIC SOCIAL WORKER",77752
"PILEDRIVER ENGINE OPERATOR",77740
"COURT ASSISTANT, SUPERIOR COURT",77699
"Patient Svcs Finance Tech",77696
"AIRPORT PROPERTY SPECIALIST I",77682
"TRANSIT CAR CLEANER ASSISTANT SUPERVISOR",77680
"Health Care Billing Clerk 1",77657
"General Laborer",77650
"COUNSELOR II",77556
"CLAIMS INVESTIGATOR CITY ATTORNEYS OFFICE",77457
"IS Operator-Journey",77449
"Librarian 1",77400
"MAINTENANCE MANAGER",77378
"Emergency Services Coord II",77310
"MEDICAL RECORDS TECHNICIAN SUPERVISOR",77310
"Secretary 1",77284
"Dietitian",77231
"Telephone Operator",77177
"DIRECTOR OF ACTIVITIES, THERAPY AND VOLUNTEER SERV",77141
"Inspector, Weights & Measures",77067
"ADMINISTRATIVE SERVICES MANAGER",77015
"SECRETARY, HEALTH COMMISSION",76958
"ASSOCIATE AUDITOR",76863
"Performance Analyst I",76736
"DEPUTY COURT CLERK III",76608
"HEALTH EDUCATOR",76588
"CARPENTER",76580
"COURT CLERK",76467
"Human Services Technician",76454
"Media Programming Spec",76448
"Health Worker 3",76417
"Assistant Purchaser",76381
"SENIOR POWER HOUSE OPERATOR",76376
"SENIOR PERSONAL PROPERTY AUDITOR",76229
"ORNAMENTAL IRON WORKER",76130
"Sr Materials & Supplies Sprv",76042
"Inventory Clerk",76025
"Electroencephalograph Tech 1",75902
"PROTECTIVE SERVICES WORKER",75871
"AIRPORT EMERGENCY PLANNING COORDINATOR",75866
"Medical Records Clerk",75603
"IS Trainer-Assistant",75588
"PROGRAM SPECIALIST SUPERVISOR",75509
"OPERATING ENGINEER, UNIVERSAL",75274
"CABLE SPLICER",75255
"Community Development Asst",75247
"Senior Legal Process Clerk",75109
"Asst Electronic Main Tech",75035
"MENTAL HEALTH TREATMENT SPECIALIST",74983
"PHYSICAL THERAPIST ASSISTANT",74959
"Environmental Assistant",74958
"Dental Aide",74942
"SENIOR TRANSIT TRAFFIC CHECKER",74796
"Asst Director, Juvenile Hall",74674
"PRINCIPAL MANAGEMENT ANALYST",74621
"SHEET METAL WORKER",74609
"AIRPORT SAFETY OFFICER",74599
"IS TECHNICIAN - SENIOR",74584
"ELECTRICAL ENGINEERING ASSOCIATE I",74573
"BENEFITS SUPERVISOR",74505
"Transcriber Typist",74489
"STREET REPAIR SUPERVISOR II",74406
"STATION OFFICER",74272
"HEALTH PROGRAM COORDINATOR II",74223
"Senior Clerk Typist",74221
"Court Commissioner",74218
"IS TRAINER - JOURNEY",74172
"SENIOR ADMINISTRATIVE ANALYST",74137
"SENIOR COMMUNITY DEVELOPMENT SPECIALIST I",74122
"Rep, Human Rights Comm",74065
"ASPHALT FINISHER SUPERVISOR I",74050
"Benefits Technician",73984
"WORKER'S COMPENSATION ADJUSTER",73944
"Transit Information Clerk",73880
"Materials Testing Aide",73794
"STATIONARY ENGINEER",73722
"RENT BOARD SUPERVISOR",73636
"ANIMAL CARE SUPERVISOR",73619
"Industrial Injury Investigator",73579
"COMMERCIAL DIVISION ASSISTANT SUPERVISOR",73556
"Special Assistant 3",73492
"ASSISTANT CLERK, BOARD OF SUPERVISORS",73480
"Health Program Planner",73478
"AUTOMOTIVE MACHINIST",73444
"CURATOR III",73266
"Victim/Witness Investigator 1",73152
"LEGISLATION CLERK",73151
"Nurses Staffing Assistant",73142
"Epidemiologist 1",73082
"Stores & Equip Asst Sprv",72892
"ASSOCIATE MUSEUM CONSERVATOR, ASIAN ART MUSEUM",72844
"INSTITUTIONAL POLICE OFFICER",72767
"SENIOR MARRIAGE, FAMILY & CHILD COUNSELOR (MFCC)",72756
"REHABILITATION SERVICES COORDINATOR",72745
"EXECUTIVE SECRETARY III",72497
"EMERGENCY MEDICAL SERVICES AGENCY SPECIALIST",72448
"Collections Officer",72364
"Employment & Training Spec 1",72363
"PEST CONTROL SPECIALIST",72359
"MEMBER, BOARD OF SUPERVISORS",72235
"PARK SECTION SUPERVISOR",72166
"STATISTICIAN",72089
"PRINCIPAL PERMIT AND CITATION CLERK",71927
"TRAINING OFFICER",71809
"Recreation Coordinator",71805
"CHEMIST I/II",71792
"WATER METER REPAIRER",71752
"AUTOMOTIVE SERVICE WORKER",71612
"SENIOR MUSEUM REGISTRAR",71551
"PATIENT ACCOUNTS SUPERVISOR",71477
"IS Operator-Analyst",71358
"TRANSIT CAR CLEANER",71321
"Wharfinger 1",71288
"Statistician",71218
"FORENSIC LABORATORY TECHNICIAN",71142
"SENIOR FARE COLLECTIONS RECEIVER",71132
"APPRENTICE STATIONARY ENGINEER, SEWAGE PLANT",71109
"Baker",71006
"Junior Clerk Typist",70894
"Deputy Probation Officer SFERS",70884
"MAYORAL STAFF XVI",70857
"SOCIAL WORK SUPERVISOR",70726
"Health Worker 2",70609
"ASSISTANT CONSTRUCTION INSPECTOR",70606
"ENGINEERING ASSOCIATE II",70497
"WATERSHED KEEPER SUPERVISOR",70497
"FORESTER",70459
"SENIOR PARKING CONTROL OFFICER",70380
"PUBLIC INFORMATION OFFICER",70373
"SENIOR FOOD SERVICE SUPERVISOR",70367
"Sign Worker",70349
"LEGAL SECRETARY II",70320
"Employee Relations Representat",70317
"MAIL AND REPRODUCTION SERVICE SUPERVISOR",70212
"LIBRARIAN II",70197
"Junior Management Assistant",70160
"PRINCIPAL PAYROLL AND PERSONNEL CLERK",70087
"PUBLIC HEALTH TEAM LEADER",69982
"STREET INSPECTOR",69901
"ELIGIBILITY WORKER SUPERVISOR",69738
"Asphalt Worker",69616
"CONTRACT COMPLIANCE OFFICER I",69553
"X-Ray Laboratory Aide",69521
"Laboratory Technician II",69478
"CRIMINALIST II",69390
"DIAGNOSTIC IMAGING TECH I",69345
"Senior Food Service Worker",69287
"ILLUSTRATOR AND ART DESIGNER",69124
"JANITORIAL SERVICES ASSISTANT SUPERVISOR",69116
"PRINCIPAL ACCOUNTANT",69076
"ELECTRICAL LINE HELPER",69073
"CHILD SUPPORT OFFICER III",69034
"SENIOR STREET INSPECTOR",69021
"NURSING ASSISTANT",69006
"FIELD SERVICES ASSISTANT SUPERVISOR",68985
"REPRESENTATIVE, COMMISSION ON THE STATUS OF WOMEN",68897
"Photographer",68877
"SENIOR PSYCHIATRIC ORDERLY",68820
"Media/Security Sys Spec",68795
"PURCHASER",68770
"Storekeeper",68723
"NURSERY SPECIALIST",68710
"LOCKSMITH",68698
"METALSMITH",68670
"Beautician",68553
"PATIENT ACCOUNTS ASSISTANT SUPERVISOR",68518
"DEPUTY PROBATION OFFICER",68457
"Eligibility Worker",68344
"HEAD PHOTOGRAPHER",68333
"ESTATE INVESTIGATOR",68324
"AFFIRMATIVE ACTION SPECIALIST",68214
"TRANSIT PLANNER II",68192
"Custodian",68185
"WINDOW CLEANER SUPERVISOR",68161
"CHIEF CLERK",68120
"ROOFER",68091
"MAYORAL STAFF XII",68027
"SENIOR PURCHASER",67976
"Chief Preparator",67913
"Clerk Typist",67828
"ACUPUNCTURIST",67594
"SURVEY ASSOCIATE",67578
"IS OPERATOR - ANALYST",67508
"SURVEY ASSISTANT II",67480
"Junior Administrative Analyst",67280
"TRACK MAINTENANCE WORKER",67249
"Medical Evaluations Assistant",67244
"IS ADMINISTRATOR II",67183
"IS BUSINESS ANALYST - ASSISTANT",67120
"GENERAL UTILITY MECHANIC",67047
"SENIOR SOCIAL WORKER",67000
"EMPLOYMENT AND TRAINING SPECIALIST V",66955
"MANAGER I - MUNICIPAL TRANSPORTATION AGENCY",66839
"PROGRAM SPECIALIST",66833
"MARRIAGE, FAMILY & CHILD COUNSELOR (MFCC)",66788
"PUBLIC DEFENDER'S INVESTIGATOR",66780
"Institution Utility Worker",66755
"ZOO CURATOR",66687
"CIVIL ENGINEERING ASSOCIATE I",66681
"Admin Hearing Examiner",66641
"Health Worker 1",66623
"PSYCHIATRIC SOCIAL WORKER",66477
"Claims Process Clerk",66455
"Mayoral Staff V",66415
"CURATOR IV",66351
"ARCHITECTURAL ASSISTANT  I",66246
"Library Assistant",66185
"HEALTH PROGRAM PLANNER",66164
"INVESTIGATOR, TAX COLLECTOR",66059
"ENVIRONMENT SPECIALIST",66033
"FISCAL TECHNICIAN",66019
"TREE TOPPER",66007
"MEDIA PROGRAMMING SPECIALIST",65934
"Sctry, Bldg Inspection Comm",65908
"STATIONARY ENGINEER, WATER TREATMENT PLANT",65892
"Animal Control Officer",65891
"Assistant Storekeeper",65837
"PrDAInvest,SpecUnit (SFERS)",65786
"CUSTOMER SERVICE AGENT SUPERVISOR",65732
"CITY PLANNING GRAPHICS SUPERVISOR",65699
"TRUCK DRIVER",65672
"EMPLOYMENT & TRAINING SPECIALIST II",65530
"COURT ADMINISTRATIVE SECRETARY",65504
"Cashier 2",65392
"PHYSICAL THERAPIST",65356
"Sr Transit Information Clerk",65312
"Aquatics Facility Asst Supv",65281
"SENIOR BOOK REPAIRER",65274
"WHARFINGER I",65259
"SENIOR SWIMMING INSTRUCTOR",65162
"APPRENTICE STATIONARY ENGINEER",65108
"Graphic Artist",65096
"FORENSIC AUTOPSY TECHNICIAN",65077
"Parking Hearing Examiner",65077
"Senior Clerk",65063
"LIBRARY TECHNICAL ASSISTANT II",65047
"BAKER",65005
"VICTIM/WITNESS INVESTIGATOR II",64988
"SENIOR TRANSIT INFORMATION CLERK",64761
"Park Patrol Officer",64735
"Court Asst., Superior Court",64658
"PRINCIPAL PERSONNEL ANALYST",64633
"Patient Care Assistant",64598
"Accountant Intern",64483
"PRINCIPAL WATER SERVICES CLERK",64482
"Housekeeper/Food Service Clnr",64477
"SENIOR MORGUE ATTENDANT",64471
"CRIMINAL JUSTICE SPECIALIST II",64384
"SENIOR MANAGEMENT ASSISTANT",64320
"Deputy Sheriff 1",64306
"CEMENT MASON",64228
"JANITORIAL SERVICES SUPERVISOR",64199
"SENIOR PARTS STOREKEEPER",64180
"Traffic Signal Operator",64072
"Marina Assistant",64047
"UTILITY ANALYST",64017
"ADMINISTRATIVE ANALYST",63955
"PLUMBER SUPERVISOR II",63949
"ASSISTANT RETIREMENT ANALYST",63852
"ELECTROENCEPHALOGRAPH TECHNICIAN I",63745
"PAINTER",63688
"IS ADMINISTRATOR I",63621
"Legal Process Clerk",63617
"PHARMACY HELPER",63569
"PERSONNEL ANALYST",63558
"CHILD SUPPORT OFFICER II",63524
"SHELTER OFFICE SUPERVISOR",63313
"HODCARRIER",63288
"ASPHALT FINISHER",63210
"SENIOR REAL PROPERTY OFFICER",63188
"Cook",63162
"EXECUTIVE SECRETARY II",63117
"WATERSHED KEEPER",63109
"SENIOR ELIGIBILITY WORKER",63075
"Account Clerk",62603
"HOSPITAL ELIGIBILITY WORKER",62567
"PATIENT ACCOUNTS MANAGER",62342
"DOCUMENT EXAMINER TECHNICIAN",62226
"WATER QUALITY TECHNICIAN I/II",62157
"Animal Care Attendant",62124
"ASSISTANT COUNSELOR",62113
"RESEARCH ASSISTANT",62093
"COURT PARALEGAL",61954
"WELFARE FRAUD INVESTIGATOR",61836
"Porter",61786
"Mgr Museum Security Services",61764
"PHARMACY TECHNICIAN",61759
"TRANSIT OPERATOR",61743
"Bldg & Grounds Patrol Officer",61697
"SPECIAL ASSISTANT XVIII",61683
"PRINCIPAL FARE COLLECTIONS RECEIVER",61649
"MANAGEMENT ASSISTANT",61600
"ADMINISTRATIVE ANALYST II",61497
"LEGISLATIVE CALENDAR CLERK",61471
"PORTER SUPERVISOR I",61445
"FARE INSPECTIONS SUPERVISOR/INVESTIGATOR",61439
"MEDICAL SOCIAL WORKER",61419
"BENEFITS ANALYST",61382
"SENIOR ACCOUNTANT",61350
"TRAFFIC SURVEY TECHNICIAN",61297
"Communications Dispatcher 2",61272
"COMMUNITY DEVELOPMENT SPECIALIST",61262
"PATIENT ACCOUNTS CLERK",61102
"Legislative Asst City Atty Ofc",61056
"SOCIAL WORK SPECIALIST",61001
"Document Examiner Technician",60990
"DIRECTOR, PROBATE",60978
"Police Services Aide",60969
"FOOD SERVICE SUPERVISOR",60967
"NUTRITIONIST",60877
"GENERAL LABORER SUPERVISOR I",60828
"MEDICAL RECORDS TECHNICIAN",60798
"Marina Assistant Manager",60784
"ORTHOPEDIC TECHNICIAN II",60762
"ASR-Office Assistant",60762
"Mayoral Staff II",60742
"ENVIRONMENT HEALTH TECHNICIAN II",60732
"CLINICAL PSYCHOLOGIST",60620
"ASSISTANT MATERIALS COORDINATOR",60593
"GLAZIER",60581
"REPRESENTATIVE, HUMAN RIGHTS COMMISSION",60493
"SENIOR OPERATIONS MANAGER",60429
"IS TRAINER - ASSISTANT",60427
"SENIOR MEDICAL TRANSCRIBER TYPIST",60423
"VOLUNTEER/OUTREACH COORDINATOR",60417
"HEALTH WORKER IV",60407
"PLANNER II",60296
"Planner 1",60251
"AIRPORT POLICE SERVICES AIDE",60130
"Youth Comm Advisor",60118
"Child Care Specialist",60116
"FOOD SERVICE MANAGER ADMINISTRATOR",60075
"IS PROGRAMMER ANALYST",60000
"SENIOR PAYROLL AND PERSONNEL CLERK",59973
"TRANSIT INFORMATION CLERK",59939
"MEDICAL STAFF SERVICES DEPARTMENT SPECIALIST",59924
"IS PROGRAMMER ANALYST - ASSISTANT",59881
"PERSONAL PROPERTY AUDITOR",59865
"Counselor, Juvenile Hall",59778
"LICENSED VOCATIONAL NURSE",59749
"CENTRAL PROCESSING AND DISTRIBUTION TECHNICIAN",59680
"Apprentice Cement Mason I",59635
"SURGICAL PROCEDURES TECHNICIAN",59547
"DEPUTY COURT CLERK II",59502
"Security Guard",59491
"IS TECHNICIAN - JOURNEY",59485
"SENIOR PHARMACY HELPER",59484
"Associate Museum Registrar",59449
"Lighting Fixture Maint Worker",59270
"INSTITUTIONAL POLICE LIEUTENANT",59243
"DEPUTY SEALER OF WEIGHTS AND MEASURES",59115
"REAL PROPERTY APPRAISER",59096
"APPRENTICE STATIONARY ENGINEER,WATER TREATMENT PLN",59028
"SEWER MAINTENANCE WORKER",59028
"CHEF",58925
"COURT ALTERNATIVE SPECIALIST I",58887
"CASHIER III",58869
"SENIOR PERMIT AND CITATION CLERK",58791
"PHYSICAL THERAPY AIDE",58754
"Auditor I",58673
"EXECUTIVE SECRETARY I",58529
"Home Health Aide",58447
"Arts Program Assistant",58430
"Senior Offset Machine Operator",58417
"Microphoto/Imaging Technician",58350
"FARE COLLECTIONS RECEIVER",58311
"CIVIL ENGINEERING ASSISTANT",58273
"SENIOR COLLECTIONS OFFICER",58245
"PRINCIPAL ACCOUNT CLERK",58142
"RETIREMENT ANALYST",58018
"VICTIM/WITNESS INVESTIGATOR I",58013
"PRINCIPAL CLERK",57972
"WHARFINGER II",57838
"HEALTH CARE ANALYST",57746
"LEGAL ASSISTANT",57736
"ASSISTANT HEALTH EDUCATOR",57719
"EMPLOYMENT AND TRAINING SPECIALIST III",57705
"MEDICAL TRANSCRIBER TYPIST",57655
"LEGISLATIVE ASSISTANT, CITY ATTORNEY'S OFFICE",57535
"SENIOR UNIT CLERK",57496
"Dir, Log Cabin Ranch (SFERS)",57427
"Public Relations Assistant",57399
"MUSEUM SECURITY SUPERVISOR",57382
"Curator 1",57379
"MICROBIOLOGIST",57326
"INVESTIGATOR, TAXI & ACCESS SVCS",57318
"PARTS STOREKEEPER",57310
"SIGN WORKER",57219
"DIETITIAN",57202
"Administrative Analyst II",57194
"ARCHITECTURAL ASSISTANT II",57074
"MUSEUM REGISTRAR",57029
"ASSISTANT STOREKEEPER",56959
"JUNIOR ENGINEER",56951
"LIBRARY TECHNICAL ASSISTANT I",56924
"COURT INTERPRETER",56896
"SECRETARY, BUILDING INSPECTION COMMISSION",56861
"SHELTER OFFICE ASSISTANT SUPERVISOR",56856
"LEGAL SECRETARY I",56750
"Court Paralegal",56718
"Recreation Specialist",56496
"TRANSIT TRAFFIC CHECKER",56437
"PHYSICIAN SPECIALIST",56396
"ANIMAL KEEPER",56376
"CURATOR II",56376
"CHIEF DEPUTY ADULT PROBATION OFFICER",56332
"Chief Deputy Adlt Probation Of",56325
"ANIMAL CARE ASSISTANT SUPERVISOR",56299
"HEALTH PROGRAM COORDINATOR I",56276
"WINDOW CLEANER",56246
"ASSOCIATE PERFORMANCE AUDITOR",56207
"FINGERPRINT TECHNICIAN III",56108
"WATER QUALITY TECHNICIAN III",55969
"SENIOR LAUNDRY WORKER",55954
"CHIEF PAYROLL AND PERSONNEL CLERK",55885
"RECREATION SUPERVISOR",55869
"EPIDEMIOLOGIST I",55737
"TRANSIT FARE INSPECTOR",55579
"PARKING METER REPAIRER",55361
"Personnel Clerk",55298
"OFFSET MACHINE OPERATOR",55058
"PARKING CONTROL OFFICER",54970
"GARDENER",54788
"HEALTH CARE BILLING CLERK II",54745
"ELECTIONS WORKER",54609
"CUSTODIAL SUPERVISOR",54584
"SENIOR MICROPHOTO/IMAGING TECHNICIAN",54521
"SENIOR MUSEUM PREPARATOR",54446
"INVESTIGATOR, OFFICE OF CITIZEN COMPLAINTS",54354
"MATERIALS TESTING TECHNICIAN",54131
"SENIOR MATERIALS AND SUPPLIES SUPERVISOR",54048
"INVENTORY CLERK",54021
"Marina Associate Manager",53999
"SENIOR OFFSET MACHINE OPERATOR",53712
"ENVIRONMENTAL HEALTH TECHNICIAN I",53708
"SENIOR CUSTOMER SERVICE AGENT",53669
"YOUTH COMMISSION ADVISOR, BOARD OF SUPERVISORS",53633
"AGRICULTURAL INSPECTOR",53587
"SENIOR WATER SERVICES CLERK",53558
"CITIZENS COMPLAINT OFFICER",53461
"MAINTENANCE ESTIMATOR AND SCHEDULER",53425
"Social Worker",53400
"FINGERPRINT TECHNICIAN II",53363
"Legislative Calendar Clerk",53020
"Crafts Instructor",52970
"Clerk",52924
"SENIOR PERSONNEL CLERK",52775
"X-RAY LABORATORY AIDE",52706
"PERFORMING ARTS CENTER AIDE",52573
"OCCUPATIONAL THERAPIST",52421
"Communications Dispatcher 1",52238
"IS OPERATOR - SENIOR",52097
"LEGISLATIVE ASSISTANT",52015
"DISEASE CONTROL INVESTIGATOR",52013
"Assessment Clerk",51970
"BRAILLIST",51675
"ASSISTANT GENERAL SERVICES MANAGER",51646
"SHADE AND DRAPERY WORKER",51641
"MAYORAL STAFF X",51637
"Signal and Systems Engineer",51623
"Tile Setter",51621
"Sheriff's Cadet",51480
"SIGNAL AND SYSTEMS ENGINEER",51450
"VICTIM & WITNESS TECHNICIAN",51312
"TILE SETTER",51257
"PERSONNEL TECHNICIAN",51165
"LIGHTING FIXTURE MAINTENANCE WORKER",51095
"BACTERIOLOGICAL LABORATORY ASSISTANT",50943
"DISTRICT ATTORNEY'S INVESTIGATIVE ASSISTANT",50855
"PATIENT SERVICES FINANCE TECHNICIAN",50816
"ASSISTANT PURCHASER",50793
"LABORATORY HELPER",50766
"FARMER",50728
"HUMAN SERVICES TECHNICIAN",50706
"Assistant Power House Operator",50476
"Senior Telephone Operator",50376
"Supply Room Attendant",50321
"SENIOR LEGAL PROCESS CLERK",50280
"Food Service Worker",50204
"PSYCHIATRIC TECHNICIAN",50087
"DIETETIC TECHNICIAN",50063
"EMPLOYMENT AND TRAINING SPECIALIST I",50006
"Sr Opers Mgr",50003
"Urban Forestry Inspector",49946
"BOOK REPAIRER",49903
"SPEECH PATHOLOGIST",49903
"SECRETARY II",49815
"PRINCIPAL PARTS STOREKEEPER",49774
"SURVEY ASSISTNAT I",49654
"PERMIT AND CITATION CLERK",49530
"DENTIST",49523
"Special Assistant 11",49522
"AIRPORT NOISE ABATEMENT SPECIALIST",49498
"SECRETARY I",49454
"GENERAL LABORER",49444
"UNIT CLERK",49420
"HEALTH WORKER III",49408
"TRANSCRIBER TYPIST",49226
"DENTAL HYGIENIST",49050
"PAYROLL SUPERVISOR",49043
"Swimming Instr/Pool Lifeguard",48936
"SENIOR STOREKEEPER",48852
"SECRETARY,JUVENILE PROBATION COMMISSION",48840
"SENIOR ASSESSMENT CLERK",48717
"Media Production Tech",48642
"STABLE ATTENDANT",48486
"MENTAL HEALTH REHABILITATION WORKER",48322
"MAYORAL STAFF IX",48212
"ANIMAL CONTROL OFFICER",48181
"CLAIMS PROCESS CLERK",48120
"LIBRARIAN I",48084
"ENVIRONMENTAL ASSISTANT",48031
"INSPECTOR OF WEIGHTS AND MEASURES",47973
"PHOTOGRAPHER",47886
"ASSISTANT POWER HOUSE OPERATOR",47878
"CHIEF TELEPHONE OPERATOR",47507
"BOARD/COMMISSION SECRETARY III",47460
"Fire Alarm Dispatcher",47455
"ACCOUNTANT",47429
"CUSTODIAL ASSISTANT SUPERVISOR",47280
"ELIGIBILITY WORKER",47266
"MATERIALS AND SUPPLIES SUPERVISOR",47082
"BENEFITS TECHNICIAN",47034
"SUPPLY ROOM ATTENDENT",46854
"PAYROLL CLERK",46820
"SENIOR SUPERVISING PROBATION OFFICER, JUVENILE POU",46805
"SENIOR ACCOUNT CLERK",46713
"DENTAL AIDE",46658
"REHABILITATION COUNSELOR",46648
"MEDICAL RECORDS CLERK",46647
"METER READER",46567
"Principal Recreation Sprv",46388
"TELEPHONE OPERATOR",46261
"IS Program Analyst-Assistant",46039
"SENIOR CLERK TYPIST",45959
"Shelter Service Rep",45651
"RECREATION COORDINATOR",45635
"PERSONNEL CLERK",45565
"DEPUTY COURT CLERK I",45304
"Audiometrist",45226
"COUNSELOR, LOG CABIN RANCH",45051
"Nurse Midwife",44960
"HEALTH WORKER II",44866
"Med Examiner's Investigator I",44790
"PARKING HEARING EXAMINER",44780
"LEGAL RESEARCH ASSISTANT",44544
"MEDICAL EVALUATIONS ASSISTANT",44541
"MAYORAL STAFF IV",44527
"ASPHALT WORKER",44347
"JUNIOR CLERK TYPIST",44205
"Environmental Service Worker",44067
"ACCOUNT CLERK",44036
"BUILDING AND GROUNDS PATROL OFFICER",43987
"ANIMAL CARE ATTENDANT",43781
"CLERK TYPIST",43427
"STOREKEEPER",43251
"ARTS PROGRAM ASSISTANT",43178
"Museum Guard",42822
"SHELTER SERVICE REPRESENTATIVE",42749
"SUPERVISING BUILDING AND GROUNDS PATROL OFFICER",42554
"PLANNER I",42511
"MARINA ASSISTANT MANAGER",42467
"COOK",42447
"PUBLIC RELATIONS ASSISTANT",42245
"Braillist",41746
"EMERGENCY PLANNING COORDINATOR",41607
"Mayoral Staff IV",41546
"CASHIER II",41429
"PORTER ASSISTANT SUPERVISOR",41286
"MEDIA/SECURITY SYSTEMS SPECIALIST",40973
"LIBRARY ASSISTANT",40830
"HEALTH CARE BILLING CLERK I",40782
"SENIOR CLERK",40654
"MATERIALS TESTING AIDE",40646
"PRINCIPAL RECREATION SUPERVISOR",40532
"CUSTODIAN",40522
"Deputy Court Clerk I",40399
"PORTER",40378
"MAYORAL STAFF VII",40319
"EMPLOYEE RELATIONS REPRESENTATIVE",40317
"COMMUNITY DEVELOPMENT ASSISTANT",40286
"SENIOR FOOD SERVICE WORKER",40208
"COMMUNICATIONS DISPATCHER I",40187
"Animal Control Supervisor",40161
"JUNIOR ADMINISTRATIVE ANALYST",40050
"ASSOCIATE MUSEUM REGISTRAR",39706
"IS OPERATOR - SUPERVISOR",39416
"VETERNIARY LABORATORY TECHNOLOGIST",39310
"Sctry, Human Svcs. Commission",39267
"JUNIOR MANAGEMENT ASSISTANT",39230
"IS OPERATOR - JOURNEY",39221
"SECURITY GUARD",39210
"Assistant Cook",39116
"Elections Clerk",38872
"Orthopedic Technician 1",38777
"PARK PATROL OFFICER",38690
"Cashier 1",38615
"CURATOR I",38597
"HOUSEKEEPER/FOOD SERVICE CLEANER",38474
"MEDIA PRODUCTION TECHNICIAN",38276
"COMMUNICATIONS DISPATCHER II",38213
"STORES AND EQUIPMENT ASSISTANT SUPERVISOR",37928
"Soft Floor Coverer",37918
"NURSES STAFFING ASSISTANT",37454
"URBAN FORESTRY INSPECTOR",37442
"GRAPHIC ARTIST",36802
"HEALTH WORKER I",36772
"COLLECTIONS OFFICER",36710
"Special Nurse",36372
"PLANNER TECHNICIAN",36347
"FINGERPRINT TECHNICIAN I",36166
"POLICE SERVICES AIDE",35593
"COUNSELOR, JUVENILE HALL",35531
"FOOD SERVICE WORKER",35432
"MAYORAL STAFF II",35399
"Head Photographer",35390
"Captain, (Fire Department)",35333
"SPECIAL ASSISTANT III",35160
"Apprentice Gardener",34780
"MICROPHOTO/IMAGING TECHNICIAN",34779
"IS TECHNICIAN - ASSISTANT",34767
"Museum Preparator",34467
"NURSE MIDWIFE",34404
"PRINCIPAL MUSEUM PREPARATOR",34402
"INSTITUTION UTILITY WORKER",34116
"Emergency Services Assistant",34015
"SOCIAL WORKER",34006
"CHILD CARE SPECIALIST",33599
"Child Support Officer I",33428
"Administrative Analyst I",33385
"SENIOR TELEPHONE OPERATOR",33177
"SECRETARY, HUMAN SERVICES COMMISSION",32723
"LEGAL PROCESS CLERK",32698
"Special Assistant 10",32548
"Personnel Trainee",32541
"Respiratory Care Practitioner",32446
"ASSESSMENT CLERK",32198
"Library Page",31955
"Emergency Planning Coordinator",31668
"Sr Cnselor, Juv Hall (SFERS)",31571
"Admission Attendant",31551
"INDUSTRIAL INJURY INVESTIGATOR",31379
"SPECIAL NURSE",31325
"BEAUTICIAN",31302
"CRAFTS INSTRUCTOR",31213
"Victim & Witness Technician",31135
"RECREATION SPECIALIST",31016
"Counselor, Juvenile Hall SFERS",30847
"ASSISTANT RECREATION DIRECTOR",29443
"MUSEUM GUARD",29352
"SHERIFF'S CADET",29312
"ACCOUNTANT INTERN",29032
"CLERK",28968
"HOME HEALTH AIDE",28066
"Senior Assessment Clerk",26107
"Animal Health Technician",25956
"MUSEUM PREPARATOR",25896
"ELECTIONS CLERK",25583
"CUSTOMER SERVICE AGENT TRAINEE",25552
"ENVIRONMENTAL SERVICE WORKER",25090
"Pr DistAtty Invstgtor,SpecUnit",24675
"APPRENTICE GARDENER",24656
"PUBLIC SERVICE AIDE-ADMINISTRATIVE",24647
"Special Assistant 14",24591
"PS Aide to Prof",24289
"ASSISTANT COOK",24116
"SENIOR TRANSCRIBER TYPIST",23827
"Forensic Toxicologist Supervis",23152
"RESPIRATORY CARE PRACTITIONER",22278
"CRIMINALIST I",22197
"SOFT FLOOR COVERER",21947
"Public Service Aide-Admin",21929
"CASHIER I",21913
"VENDOR",21829
"TRAFFIC SIGNAL OPERATOR",21789
"FIRE ALARM DISPATCHER",21729
"Ct Comp Facilities Coord",21319
"Counselor,Log Cabin Rnch SFERS",20836
"MEDICAL EXAMINER'S INVESTIGATOR I",20743
"ASSISTANT DIRECTOR, JUVENILE HALL",20718
"Superior Court Judge",19980
"Stage Electrician",19972
"Sheriff",19891
"StdntDsgn Train2/Arch/Eng/Plng",19566
"Special Assistant 13",19542
"REAL PROPERTY APPRAISER TRAINEE",19518
"Sheriff's Property Keeper",18446
"Hospital Eligibility Worker",18364
"Morgue Attendant",18337
"STAGE ELECTRICIAN",17934
"StdntDsgnTrain3, Arch/Eng/Plng",17751
"CHIEF PREPARATOR",17516
"PIANIST",17189
"LIBRARY PAGE",16998
"SENIOR DATA ENTRY OPERATOR",16770
"Customer Service Agent Trainee",16380
"StdntDsgnTrain1, Arch/Eng/Plng",16004
"AIRPORT ASSISTANT DEPUTY DIRECTOR, OPERATIONS",15420
"Special Assistant 18",15255
"Senior Data Entry Operator",15070
"Pianist",14956
"STUDENT DESIGN TRAINEE 3/ARC-ENG-PLNG",14597
"SUPERIOR COURT JUDGE",14416
"PUBLIC SERVICE AIDE-ASSOCIATE TO PROFESSIONALS",14256
"STUDENT DESIGN TRAINEE 2/ARC-ENG-PLNG",14022
"ANIMAL HEALTH TECHNICIAN",13477
"SWIMMING INSTRUCTOR/POOL LIFEGUARD",13344
"MAYORAL STAFF V",13224
"Publ Svc Aide-Asst to Prof",12558
"BARBER",12410
"MAYORAL STAFF XI",12197
"MORGUE ATTENDANT",12141
"STUDENT DESIGN TRAINEE 1/ARC-ENG-PLNG",12094
"PS Aide Health Services",10848
"SHERIFF'S PROPERTY KEEPER",10788
"AUDIOMETRIST",10595
"City Planning Intern",10480
"Watershed Worker (Seasonal)",10420
"Public Service Trainee",10235
"PUBLIC SERVICE AIDE-HEALTH SERVICES",9760
"Public Svc Aide-Public Works",9622
"BOARD COMMISSION MEMBER, $200 PER MEETING",9571
"PUBLIC SERVICE AIDE-ASSISTANT TO PROFESSIONALS",8944
"Assistant Recreation Director",8447
"CITY PLANNING INTERN",8418
"Brd Comm Mbr, M=$200/Mtg",8302
"Junior Clerk",8151
"PUBLIC SERVICE TRAINEE",8116
"Public Safety Comm Tech",7959
"IS Technician Assistant",7959
"Drug Court Coordinator",7959
"Commissioner 16.700c, No Pay",7827
"Musm Exhibit Packer & Repairer",7546
"WATERSHED WORKER (SEASONAL)",7489
"School Crossing Guard",7367
"SCHOOL CROSSING GUARD",7305
"Recreation Director",7264
"Recreation Leader",7106
"PUBLIC SERVICE AIDE-SPECIAL PROGRAMS",6142
"RECREATION LEADER",5965
"Pool Lifeguard",5857
"Camp Assistant",4377
"RECREATION DIRECTOR",4185
"Swimming Instructor",4143
"JUNIOR CLERK",4055
"CAMP ASSISTANT",3998
"Special Assistant 8",3941
"Testing Technician",3672
"ORTHOPEDIC TECHNICIAN I",3583
"WAREHOUSE WORKER",3370
"Conversion",3361
"Public Service Aide-Technical",2774
"ASSISTANT RECREATION SUPERVISOR",2474
"Commissioner No Benefits",2449
"TESTING TECHNICIAN",2308
"Barber",2281
"COMMISSIONER",2272
"Cashier 3",2075
"AIRPORT ASSISTANT DEPUTY DIRECTOR, BUSINESS ADMINI",1928
"Special Examiner",1680
"BdComm Mbr, Grp5,M$100/Mo",1275
"SPECIAL EXAMINER",1201
"BOARD/COMMISSION MEMBER, GROUP V",1196
"BdComm Mbr, Grp3,M=$50/Mtg",973
"SPECIAL ASSISTANT XIV",674
"BOARD/COMMISSION MEMBER, GROUP III",639
"BdComm Mbr, Grp2,M=$25/Mtg",475
"BOARD/COMMISSION MEMBER, GROUP II",297
"PUBLIC SAFETY COMMUNICATIONS TECHNICIAN",150
